observation_date,DEXSIUS,log_return_pct
2021-09-27,1.3537,
2021-09-28,1.3572,0.2582169718
2021-09-29,1.3603,0.2281509729
2021-09-30,1.3580,-0.1692234521
2021-10-01,1.3548,-0.2359187175
2021-10-04,1.3571,0.1696228144
2021-10-05,1.3563,-0.0589666119
2021-10-06,1.3601,0.2797822470
2021-10-07,1.3577,-0.1766134832
2021-10-08,1.3546,-0.2285883825
2021-10-12,1.3562,0.1180463469
2021-10-13,1.3530,-0.2362322079
2021-10-14,1.3485,-0.3331485591
2021-10-15,1.3484,-0.0074159220
2021-10-18,1.3491,0.0518999085
2021-10-19,1.3447,-0.3266763615
2021-10-20,1.3433,-0.1041666761
2021-10-21,1.3460,0.2007958136
2021-10-22,1.3491,0.2300472240
2021-10-25,1.3468,-0.1706295158
2021-10-26,1.3479,0.0816417457
2021-10-27,1.3481,0.0148367953
2021-10-28,1.3437,-0.3269190816
2021-10-29,1.3489,0.3862442594
2021-11-01,1.3479,-0.0741619731
2021-11-02,1.3490,0.0815751464
2021-11-03,1.3502,0.0889152400
2021-11-04,1.3511,0.0666345858
2021-11-05,1.3500,-0.0814483033
2021-11-08,1.3469,-0.2298936828
2021-11-09,1.3477,0.0593780170
2021-11-10,1.3515,0.2815650941
2021-11-12,1.3521,0.0443852648
2021-11-15,1.3516,-0.0369863525
2021-11-16,1.3562,0.3397595410
2021-11-17,1.3572,0.0737082660
2021-11-18,1.3569,-0.0221067758
2021-11-19,1.3592,0.1693605206
2021-11-22,1.3632,0.2938585717
2021-11-23,1.3656,0.1759015405
2021-11-24,1.3678,0.1609717184
2021-11-26,1.3708,0.2190901336
2021-11-29,1.3711,0.0218826362
2021-11-30,1.3689,-0.1605839761
2021-12-01,1.3631,-0.4245980025
2021-12-02,1.3684,0.3880656527
2021-12-03,1.3713,0.2117020902
2021-12-06,1.3691,-0.1605605366
2021-12-07,1.3670,-0.1535031916
2021-12-08,1.3621,-0.3590931271
2021-12-09,1.3652,0.2273311579
2021-12-10,1.3630,-0.1612785336
2021-12-13,1.3674,0.3222973783
2021-12-14,1.3700,0.1899613342
2021-12-15,1.3690,-0.0730193534
2021-12-16,1.3634,-0.4098966360
2021-12-17,1.3640,0.0439979475
2021-12-20,1.3664,0.1757984631
2021-12-21,1.3655,-0.0658882121
2021-12-22,1.3624,-0.2272811565
2021-12-23,1.3591,-0.2425134387
2021-12-27,1.3568,-0.1693729924
2021-12-28,1.3541,-0.1991959049
2021-12-29,1.3519,-0.1626016618
2021-12-30,1.3520,0.0073967233
2022-01-03,1.3533,0.0961076480
2022-01-04,1.3554,0.1550559620
2022-01-05,1.3543,-0.0811898041
2022-01-06,1.3604,0.4494058472
2022-01-07,1.3557,-0.3460848048
2022-01-10,1.3560,0.0221263415
2022-01-11,1.3510,-0.3694130540
2022-01-12,1.3467,-0.3187903504
2022-01-13,1.3449,-0.1337494626
2022-01-14,1.3478,0.2153972683
2022-01-18,1.3504,0.1927211330
2022-01-19,1.3472,-0.2372480354
2022-01-20,1.3440,-0.2378122405
2022-01-21,1.3438,-0.0148820597
2022-01-24,1.3477,0.2898014289
2022-01-25,1.3446,-0.2302864740
2022-01-26,1.3449,0.0223089795
2022-01-27,1.3530,0.6004688341
2022-01-28,1.3554,0.1772264531
2022-01-31,1.3514,-0.2955521584
2022-02-01,1.3494,-0.1481042925
2022-02-02,1.3475,-0.1409025410
2022-02-03,1.3437,-0.2824020902
2022-02-04,1.3453,0.1190033610
2022-02-07,1.3439,-0.1041201938
2022-02-08,1.3449,0.0743826276
2022-02-09,1.3415,-0.2531269964
2022-02-10,1.3409,-0.0447360580
2022-02-11,1.3436,0.2011548453
2022-02-14,1.3475,0.2898445045
2022-02-15,1.3445,-0.2228827074
2022-02-16,1.3434,-0.0818482876
2022-02-17,1.3430,-0.0297796310
2022-02-18,1.3458,0.2082714231
2022-02-22,1.3450,-0.0594618718
2022-02-23,1.3454,0.0297353556
2022-02-24,1.3580,0.9321662527
2022-02-25,1.3536,-0.3245319267
2022-02-28,1.3549,0.0959941000
2022-03-01,1.3580,0.2285378266
2022-03-02,1.3558,-0.1621343122
2022-03-03,1.3580,0.1621343122
2022-03-04,1.3609,0.2133216448
2022-03-07,1.3618,0.0661108483
2022-03-08,1.3652,0.2493583984
2022-03-09,1.3574,-0.5729832763
2022-03-10,1.3584,0.0736431287
2022-03-11,1.3615,0.2279496557
2022-03-14,1.3639,0.1761209819
2022-03-15,1.3660,0.1538518198
2022-03-16,1.3605,-0.4034481907
2022-03-17,1.3539,-0.4862962722
2022-03-18,1.3560,0.1549872999
2022-03-21,1.3550,-0.0737735187
2022-03-22,1.3573,0.1695977990
2022-03-23,1.3574,0.0073672966
2022-03-24,1.3574,0.0000000000
2022-03-25,1.3582,0.0589188410
2022-03-28,1.3610,0.2059429972
2022-03-29,1.3554,-0.4123109949
2022-03-30,1.3528,-0.1920095118
2022-03-31,1.3539,0.0812797917
2022-04-01,1.3568,0.2139669537
2022-04-04,1.3565,-0.0221132939
2022-04-05,1.3585,0.1473296767
2022-04-06,1.3592,0.0515141491
2022-04-07,1.3612,0.1470372269
2022-04-08,1.3631,0.1394853950
2022-04-11,1.3656,0.1832374903
2022-04-12,1.3623,-0.2419444708
2022-04-13,1.3636,0.0953813492
2022-04-14,1.3577,-0.4336169658
2022-04-15,1.3571,-0.0442021519
2022-04-18,1.3617,0.3383849043
2022-04-19,1.3671,0.3957788807
2022-04-20,1.3633,-0.2783476746
2022-04-21,1.3631,-0.0146713615
2022-04-22,1.3703,0.5268176375
2022-04-25,1.3759,0.4078368482
2022-04-26,1.3775,0.1162199593
2022-04-27,1.3807,0.2320354895
2022-04-28,1.3880,0.5273245145
2022-04-29,1.3818,-0.4476865012
2022-05-02,1.3856,0.2746261753
2022-05-03,1.3837,-0.1372188133
2022-05-04,1.3815,-0.1591205312
2022-05-05,1.3867,0.3756958396
2022-05-06,1.3845,-0.1587760149
2022-05-09,1.3901,0.4036623372
2022-05-10,1.3907,0.0431530502
2022-05-11,1.3870,-0.2664076170
2022-05-12,1.3969,0.7112354419
2022-05-13,1.3932,-0.2652236242
2022-05-16,1.3938,0.0430570513
2022-05-17,1.3854,-0.6044923416
2022-05-18,1.3874,0.1442585363
2022-05-19,1.3796,-0.5637889889
2022-05-20,1.3804,0.0579710161
2022-05-23,1.3739,-0.4719901294
2022-05-24,1.3713,-0.1894215924
2022-05-25,1.3769,0.4075400445
2022-05-26,1.3739,-0.2181184520
2022-05-27,1.3692,-0.3426783274
2022-05-31,1.3695,0.0219082047
2022-06-01,1.3752,0.4153465366
2022-06-02,1.3716,-0.2621233480
2022-06-03,1.3763,0.3420797397
2022-06-06,1.3756,-0.0508739427
2022-06-07,1.3744,-0.0872727328
2022-06-08,1.3746,0.0145507458
2022-06-09,1.3805,0.4282972683
2022-06-10,1.3869,0.4625288292
2022-06-13,1.3916,0.3383123615
2022-06-14,1.3931,0.1077315434
2022-06-15,1.3928,-0.0215370258
2022-06-16,1.3843,-0.6121512760
2022-06-17,1.3896,0.3821339233
2022-06-21,1.3849,-0.3388001078
2022-06-22,1.3872,0.1659392178
2022-06-23,1.3901,0.2088359957
2022-06-24,1.3864,-0.2665227582
2022-06-27,1.3840,-0.1732602224
2022-06-28,1.3872,0.2309469849
2022-06-29,1.3919,0.3382393207
2022-06-30,1.3903,-0.1150169058
2022-07-01,1.3974,0.5093815943
2022-07-05,1.4063,0.6348774758
2022-07-06,1.4059,-0.0284474790
2022-07-07,1.4007,-0.3705555441
2022-07-08,1.3985,-0.1571878003
2022-07-11,1.4035,0.3568883160
2022-07-12,1.4059,0.1708550284
2022-07-13,1.4045,-0.0996299542
2022-07-14,1.4028,-0.1211128278
2022-07-15,1.3993,-0.2498127704
2022-07-18,1.3958,-0.2504383979
2022-07-19,1.3914,-0.3157293094
2022-07-20,1.3919,0.0359285744
2022-07-21,1.3921,0.0143678161
2022-07-22,1.3867,-0.3886574635
2022-07-25,1.3864,-0.0216364358
2022-07-26,1.3895,0.2233510781
2022-07-27,1.3882,-0.0936026277
2022-07-28,1.3809,-0.5272483414
2022-07-29,1.3812,0.0217226025
2022-08-01,1.3761,-0.3699275245
2022-08-02,1.3800,0.2830087880
2022-08-03,1.3818,0.1303497903
2022-08-04,1.3772,-0.3334544590
2022-08-05,1.3819,0.3406911345
2022-08-08,1.3783,-0.2608508109
2022-08-09,1.3781,-0.0145116819
2022-08-10,1.3689,-0.6698241280
2022-08-11,1.3682,-0.0511490275
2022-08-12,1.3716,0.2481934262
2022-08-15,1.3766,0.3638749375
2022-08-16,1.3790,0.1741907829
2022-08-17,1.3841,0.3691510109
2022-08-18,1.3841,0.0000000000
2022-08-19,1.3916,0.5404055375
2022-08-22,1.3984,0.4874561623
2022-08-23,1.3917,-0.4802704475
2022-08-24,1.3936,0.1364305672
2022-08-25,1.3904,-0.2298851587
2022-08-26,1.3921,0.1221922883
2022-08-29,1.3955,0.2439375582
2022-08-30,1.3978,0.1646798067
2022-08-31,1.3954,-0.1718459538
2022-09-01,1.4020,0.4718676089
2022-09-02,1.3988,-0.2285062405
2022-09-06,1.4059,0.5062940897
2022-09-07,1.4072,0.0924247337
2022-09-08,1.4063,-0.0639772547
2022-09-09,1.3985,-0.5561908234
2022-09-12,1.3952,-0.2362459487
2022-09-13,1.4059,0.7639892931
2022-09-14,1.4052,-0.0498025694
2022-09-15,1.4092,0.2842526075
2022-09-16,1.4069,-0.1633465084
2022-09-19,1.4087,0.1278590883
2022-09-20,1.4096,0.0638682916
2022-09-21,1.4150,0.3823554895
2022-09-22,1.4187,0.2611428241
2022-09-23,1.4280,0.6533904582
2022-09-26,1.4364,0.5865119452
2022-09-27,1.4379,0.1043732482
2022-09-28,1.4369,-0.0695700599
2022-09-29,1.4347,-0.1532247131
2022-09-30,1.4347,0.0000000000
2022-10-03,1.4315,-0.2232922566
2022-10-04,1.4244,-0.4972173135
2022-10-05,1.4271,0.1893740703
2022-10-06,1.4293,0.1540400809
2022-10-07,1.4310,0.1188686641
2022-10-11,1.4338,0.1954761862
2022-10-12,1.4356,0.1254617855
2022-10-13,1.4327,-0.2022104374
2022-10-14,1.4260,-0.4687453925
2022-10-17,1.4196,-0.4498180202
2022-10-18,1.4222,0.1829826677
2022-10-19,1.4250,0.1966845253
2022-10-20,1.4199,-0.3585367122
2022-10-21,1.4175,-0.1691689978
2022-10-24,1.4215,0.2817895489
2022-10-25,1.4166,-0.3453017772
2022-10-26,1.4054,-0.7937674561
2022-10-27,1.4075,0.1493121256
2022-10-28,1.4126,0.3616896961
2022-10-31,1.4151,0.1768221984
2022-11-01,1.4150,-0.0070668881
2022-11-02,1.4127,-0.1626764160
2022-11-03,1.4219,0.6491238485
2022-11-04,1.4072,-1.0392090979
2022-11-07,1.4035,-0.2632797621
2022-11-08,1.3970,-0.4642036545
2022-11-09,1.4006,0.2573635964
2022-11-10,1.3857,-1.0695289117
2022-11-14,1.3730,-0.9207300337
2022-11-15,1.3699,-0.2260382311
2022-11-16,1.3706,0.0510855694
2022-11-17,1.3774,0.4949063959
2022-11-18,1.3733,-0.2981061574
2022-11-21,1.3825,0.6676851860
2022-11-22,1.3794,-0.2244832399
2022-11-23,1.3794,0.0000000000
2022-11-25,1.3758,-0.2613241905
2022-11-28,1.3761,0.0218031179
2022-11-29,1.3742,-0.1381667674
2022-11-30,1.3682,-0.4375736270
2022-12-01,1.3548,-0.9842165383
2022-12-02,1.3516,-0.2364766103
2022-12-05,1.3567,0.3766204651
2022-12-06,1.3576,0.0663154429
2022-12-07,1.3554,-0.1621821218
2022-12-08,1.3529,-0.1846177093
2022-12-09,1.3505,-0.1775542377
2022-12-12,1.3547,0.3105133354
2022-12-13,1.3470,-0.5700130176
2022-12-14,1.3473,0.0222692351
2022-12-15,1.3598,0.9235040331
2022-12-16,1.3581,-0.1250965982
2022-12-19,1.3550,-0.2285209796
2022-12-20,1.3504,-0.3400609472
2022-12-21,1.3521,0.1258094523
2022-12-22,1.3533,0.0887114718
2022-12-23,1.3501,-0.2367390319
2022-12-27,1.3465,-0.2670030512
2022-12-28,1.3493,0.2077306185
2022-12-29,1.3445,-0.3563742728
2022-12-30,1.3404,-0.3054119846
2023-01-03,1.3447,0.3202862967
2023-01-04,1.3405,-0.3128261154
2023-01-05,1.3458,0.3945953078
2023-01-06,1.3373,-0.6335975875
2023-01-09,1.3278,-0.7129218594
2023-01-10,1.3321,0.3233207072
2023-01-11,1.3318,-0.0225233681
2023-01-12,1.3244,-0.5571884003
2023-01-13,1.3211,-0.2494803789
2023-01-17,1.3202,-0.0681482630
2023-01-18,1.3179,-0.1743679605
2023-01-19,1.3234,0.4164621928
2023-01-20,1.3206,-0.2118003817
2023-01-23,1.3193,-0.0984885871
2023-01-24,1.3198,0.0378917060
2023-01-25,1.3142,-0.4252094486
2023-01-26,1.3137,-0.0380531988
2023-01-27,1.3129,-0.0609152535
2023-01-30,1.3132,0.0228475687
2023-01-31,1.3145,0.0989458542
2023-02-01,1.3119,-0.1979897083
2023-02-02,1.3095,-0.1831083139
2023-02-03,1.3215,0.9122070097
2023-02-06,1.3279,0.4831291952
2023-02-07,1.3261,-0.1356443313
2023-02-08,1.3253,-0.0603454797
2023-02-09,1.3231,-0.1661380838
2023-02-10,1.3303,0.5427012641
2023-02-13,1.3292,-0.0827223209
2023-02-14,1.3297,0.0376095382
2023-02-15,1.3363,0.4951247924
2023-02-16,1.3354,-0.0673728363
2023-02-17,1.3371,0.1272217197
2023-02-21,1.3389,0.1345291683
2023-02-22,1.3395,0.0448028681
2023-02-23,1.3437,0.3130592897
2023-02-24,1.3490,0.3936574326
2023-02-27,1.3473,-0.1260987446
2023-02-28,1.3469,-0.0296934157
2023-03-01,1.3415,-0.4017264739
2023-03-02,1.3482,0.4981978554
2023-03-03,1.3462,-0.1484560843
2023-03-06,1.3441,-0.1561164500
2023-03-07,1.3525,0.6230087644
2023-03-08,1.3528,0.0221786864
2023-03-09,1.3511,-0.1257443118
2023-03-10,1.3505,-0.0444181233
2023-03-13,1.3475,-0.2223870450
2023-03-14,1.3445,-0.2228827074
2023-03-15,1.3518,0.5414840957
2023-03-16,1.3465,-0.3928404415
2023-03-17,1.3422,-0.3198574528
2023-03-20,1.3387,-0.2611064932
2023-03-21,1.3383,-0.0298841990
2023-03-22,1.3331,-0.3893094683
2023-03-23,1.3244,-0.6547530447
2023-03-24,1.3320,0.5722045427
2023-03-27,1.3321,0.0075072257
2023-03-28,1.3275,-0.3459170241
2023-03-29,1.3292,0.1279783364
2023-03-30,1.3282,-0.0752615374
2023-03-31,1.3294,0.0903070501
2023-04-03,1.3277,-0.1279590706
2023-04-04,1.3260,-0.1281230156
2023-04-05,1.3272,0.0904568130
2023-04-06,1.3296,0.1806685225
2023-04-07,1.3313,0.1277763337
2023-04-10,1.3339,0.1951073709
2023-04-11,1.3328,-0.0824989734
2023-04-12,1.3285,-0.3231506213
2023-04-13,1.3216,-0.5207362433
2023-04-14,1.3314,0.7387896400
2023-04-17,1.3345,0.2325669678
2023-04-18,1.3332,-0.0974622411
2023-04-19,1.3347,0.1124480047
2023-04-20,1.3318,-0.2175136804
2023-04-21,1.3351,0.2474784720
2023-04-24,1.3347,-0.0299647916
2023-04-25,1.3389,0.3141833823
2023-04-26,1.3340,-0.3666433828
2023-04-27,1.3362,0.1647817016
2023-04-28,1.3332,-0.2247697058
2023-05-01,1.3362,0.2247697058
2023-05-02,1.3347,-0.1123217011
2023-05-03,1.3304,-0.3226898601
2023-05-04,1.3284,-0.1504438376
2023-05-05,1.3249,-0.2638225629
2023-05-08,1.3243,-0.0452966941
2023-05-09,1.3282,0.2940624174
2023-05-10,1.3267,-0.1129986184
2023-05-11,1.3316,0.3686570778
2023-05-12,1.3376,0.4495736630
2023-05-15,1.3363,-0.0972362543
2023-05-16,1.3391,0.2093145715
2023-05-17,1.3426,0.2610286003
2023-05-18,1.3478,0.3865601007
2023-05-19,1.3445,-0.2451436803
2023-05-22,1.3466,0.1560700402
2023-05-23,1.3467,0.0074258345
2023-05-24,1.3492,0.1854668731
2023-05-25,1.3544,0.3846727631
2023-05-26,1.3529,-0.1108115210
2023-05-30,1.3516,-0.0961360769
2023-05-31,1.3552,0.2659969058
2023-06-01,1.3474,-0.5772235371
2023-06-02,1.3482,0.0593559893
2023-06-05,1.3489,0.0519076056
2023-06-06,1.3482,-0.0519076056
2023-06-07,1.3484,0.0148334941
2023-06-08,1.3433,-0.3789431291
2023-06-09,1.3433,0.0000000000
2023-06-12,1.3443,0.0744158391
2023-06-13,1.3416,-0.2010499951
2023-06-14,1.3381,-0.2612234198
2023-06-15,1.3368,-0.0971999030
2023-06-16,1.3381,0.0971999030
2023-06-20,1.3440,0.4399544772
2023-06-21,1.3424,-0.1191185370
2023-06-22,1.3436,0.0893522025
2023-06-23,1.3525,0.6602152982
2023-06-26,1.3531,0.0443524549
2023-06-27,1.3487,-0.3257090747
2023-06-28,1.3523,0.2665680957
2023-06-29,1.3551,0.2068405849
2023-06-30,1.3523,-0.2068405849
2023-07-03,1.3497,-0.1924500964
2023-07-05,1.3524,0.1998446318
2023-07-06,1.3545,0.1551590691
2023-07-07,1.3465,-0.5923749273
2023-07-10,1.3455,-0.0742942085
2023-07-11,1.3420,-0.2604652635
2023-07-12,1.3297,-0.9207685669
2023-07-13,1.3235,-0.4673610196
2023-07-14,1.3200,-0.2648006087
2023-07-17,1.3217,0.1287050183
2023-07-18,1.3221,0.0302594752
2023-07-19,1.3256,0.2643805596
2023-07-20,1.3273,0.1281616520
2023-07-21,1.3306,0.2483164676
2023-07-24,1.3300,-0.0451026092
2023-07-25,1.3277,-0.1730820314
2023-07-26,1.3266,-0.0828843810
2023-07-27,1.3293,0.2033209782
2023-07-28,1.3305,0.0902323544
2023-07-31,1.3283,-0.1654882279
2023-08-01,1.3362,0.5929835353
2023-08-02,1.3416,0.4033167018
2023-08-03,1.3407,-0.0671065901
2023-08-04,1.3371,-0.2688775987
2023-08-07,1.3412,0.3061645971
2023-08-08,1.3481,0.5131458105
2023-08-09,1.3468,-0.0964785410
2023-08-10,1.3470,0.0148489123
2023-08-11,1.3526,0.4148768730
2023-08-14,1.3547,0.1551361446
2023-08-15,1.3567,0.1475252905
2023-08-16,1.3583,0.1178637337
2023-08-17,1.3587,0.0294442402
2023-08-18,1.3553,-0.2505528208
2023-08-21,1.3582,0.2137461658
2023-08-22,1.3575,-0.0515520872
2023-08-23,1.3531,-0.3246516538
2023-08-24,1.3556,0.1845904463
2023-08-25,1.3566,0.0737408779
2023-08-28,1.3551,-0.1106317183
2023-08-29,1.3515,-0.2660165612
2023-08-30,1.3492,-0.1703262529
2023-08-31,1.3518,0.1925213479
2023-09-01,1.3542,0.1773836385
2023-09-05,1.3603,0.4494389588
2023-09-06,1.3640,0.2716295764
2023-09-07,1.3647,0.0513064841
2023-09-08,1.3652,0.0366313788
2023-09-11,1.3604,-0.3522163900
2023-09-12,1.3618,0.1028579916
2023-09-13,1.3605,-0.0955074826
2023-09-14,1.3623,0.1322168549
2023-09-15,1.3627,0.0293577984
2023-09-18,1.3629,0.0146756678
2023-09-19,1.3643,0.1026694135
2023-09-20,1.3609,-0.2495231003
2023-09-21,1.3667,0.4252829404
2023-09-22,1.3646,-0.1537729589
2023-09-25,1.3667,0.1537729589
2023-09-26,1.3683,0.1170018415
2023-09-27,1.3720,0.2700435900
2023-09-28,1.3649,-0.5188363424
2023-09-29,1.3656,0.0512726618
2023-10-02,1.3728,0.5258557253
2023-10-03,1.3744,0.1164822496
2023-10-04,1.3702,-0.3060557661
2023-10-05,1.3690,-0.0876168280
2023-10-06,1.3639,-0.3732303356
2023-10-10,1.3626,-0.0953603593
2023-10-11,1.3628,0.0146767447
2023-10-12,1.3682,0.3954600540
2023-10-13,1.3701,0.1387722532
2023-10-16,1.3680,-0.1533910677
2023-10-17,1.3672,-0.0584966381
2023-10-18,1.3729,0.4160438102
2023-10-19,1.3725,-0.0291396520
2023-10-20,1.3717,-0.0583047899
2023-10-23,1.3684,-0.2408672381
2023-10-24,1.3682,-0.0146166777
2023-10-25,1.3698,0.1168736437
2023-10-26,1.3704,0.0437924246
2023-10-27,1.3685,-0.1387418529
2023-10-30,1.3633,-0.3807018289
2023-10-31,1.3697,0.4683506549
2023-11-01,1.3705,0.0583899002
2023-11-02,1.3643,-0.4534160174
2023-11-03,1.3537,-0.7799892377
2023-11-06,1.3495,-0.3107430734
2023-11-07,1.3547,0.3845874129
2023-11-08,1.3551,0.0295224742
2023-11-09,1.3567,0.1180028163
2023-11-13,1.3587,0.1473079739
2023-11-14,1.3501,-0.6349696467
2023-11-15,1.3493,-0.0592724326
2023-11-16,1.3479,-0.1038113693
2023-11-17,1.3442,-0.2748785208
2023-11-20,1.3382,-0.4473613187
2023-11-21,1.3367,-0.1121537371
2023-11-22,1.3425,0.4329657406
2023-11-24,1.3398,-0.2013198309
2023-11-27,1.3375,-0.1718149304
2023-11-28,1.3306,-0.5172231462
2023-11-29,1.3328,0.1652024105
2023-11-30,1.3359,0.2323229583
2023-12-01,1.3343,-0.1198412247
2023-12-04,1.3378,0.2619663936
2023-12-05,1.3415,0.2761917181
2023-12-06,1.3402,-0.0969534327
2023-12-07,1.3379,-0.1717636059
2023-12-08,1.3418,0.2910775649
2023-12-11,1.3448,0.2233306966
2023-12-12,1.3422,-0.1935244370
2023-12-13,1.3416,-0.0447127215
2023-12-14,1.3258,-1.1846880702
2023-12-15,1.3312,0.4064740260
2023-12-18,1.3326,0.1051130061
2023-12-19,1.3284,-0.3156710626
2023-12-20,1.3300,0.1203731713
2023-12-21,1.3272,-0.2107482340
2023-12-22,1.3240,-0.2414002379
2023-12-26,1.3232,-0.0604412228
2023-12-27,1.3197,-0.2648607247
2023-12-28,1.3184,-0.0985557868
2023-12-29,1.3193,0.0682412735
2024-01-02,1.3263,0.5291817611
2024-01-03,1.3295,0.2409821183
2024-01-04,1.3290,-0.0376151970
2024-01-05,1.3287,-0.0225759116
2024-01-08,1.3275,-0.0903546481
2024-01-09,1.3297,0.1655878747
2024-01-10,1.3318,0.1578057814
2024-01-11,1.3335,0.1275653946
2024-01-12,1.3312,-0.1726273555
2024-01-16,1.3414,0.7633053599
2024-01-17,1.3463,0.3646244320
2024-01-18,1.3441,-0.1635444908
2024-01-19,1.3417,-0.1787177481
2024-01-22,1.3410,-0.0521862315
2024-01-23,1.3417,0.0521862315
2024-01-24,1.3380,-0.2761504908
2024-01-25,1.3408,0.2090489040
2024-01-26,1.3397,-0.0820742445
2024-01-29,1.3414,0.1268136383
2024-01-30,1.3395,-0.1417434681
2024-01-31,1.3369,-0.1942908996
2024-02-01,1.3366,-0.0224424912
2024-02-02,1.3434,0.5074637756
2024-02-05,1.3473,0.2898875929
2024-02-06,1.3439,-0.2526755209
2024-02-07,1.3431,-0.0595459638
2024-02-08,1.3470,0.2899522495
2024-02-09,1.3464,-0.0445533534
2024-02-12,1.3440,-0.1784121794
2024-02-13,1.3501,0.4528421680
2024-02-14,1.3479,-0.1630838019
2024-02-15,1.3464,-0.1113461868
2024-02-16,1.3459,-0.0371429637
2024-02-20,1.3432,-0.2008107476
2024-02-21,1.3436,0.0297751975
2024-02-22,1.3432,-0.0297751975
2024-02-23,1.3430,-0.0148909240
2024-02-26,1.3444,0.1041899328
2024-02-27,1.3432,-0.0892990088
2024-02-28,1.3456,0.1785183455
2024-02-29,1.3457,0.0074313529
2024-03-01,1.3444,-0.0966506897
2024-03-04,1.3425,-0.1414269468
2024-03-05,1.3424,-0.0074490670
2024-03-06,1.3375,-0.3656856943
2024-03-07,1.3334,-0.3070128586
2024-03-08,1.3311,-0.1726403131
2024-03-11,1.3306,-0.0375699745
2024-03-12,1.3329,0.1727051302
2024-03-13,1.3319,-0.0750525403
2024-03-14,1.3359,0.2998727789
2024-03-15,1.3377,0.1346499306
2024-03-18,1.3387,0.0747272490
2024-03-19,1.3421,0.2536557612
2024-03-20,1.3439,0.1340283149
2024-03-21,1.3436,-0.0223255815
2024-03-22,1.3488,0.3862729509
2024-03-25,1.3459,-0.2152374008
2024-03-26,1.3458,-0.0074302485
2024-03-27,1.3481,0.1707561943
2024-03-28,1.3493,0.0889745740
2024-03-29,1.3475,-0.1334915654
2024-04-01,1.3534,0.4368921015
2024-04-02,1.3513,-0.1552852754
2024-04-03,1.3488,-0.1851783796
2024-04-04,1.3462,-0.1929499671
2024-04-05,1.3478,0.1187824936
2024-04-08,1.3475,-0.0222609729
2024-04-09,1.3451,-0.1782664069
2024-04-10,1.3533,0.6077694368
2024-04-11,1.3535,0.0147775972
2024-04-12,1.3603,0.5011433585
2024-04-15,1.3615,0.0881769474
2024-04-16,1.3646,0.2274312268
2024-04-17,1.3625,-0.1540097844
2024-04-18,1.3609,-0.1175001971
2024-04-19,1.3611,0.0146950772
2024-04-22,1.3627,0.1174829418
2024-04-23,1.3617,-0.0734106625
2024-04-24,1.3619,0.0146864444
2024-04-25,1.3602,-0.1249035833
2024-04-26,1.3620,0.1322459968
2024-04-29,1.3596,-0.1763668887
2024-04-30,1.3636,0.2937722442
2024-05-01,1.3633,-0.0220030072
2024-05-02,1.3567,-0.4852950701
2024-05-03,1.3494,-0.5395231298
2024-05-06,1.3509,0.1110987782
2024-05-07,1.3531,0.1627219294
2024-05-08,1.3549,0.1329394583
2024-05-09,1.3535,-0.1033820798
2024-05-10,1.3540,0.0369344418
2024-05-13,1.3527,-0.0960579377
2024-05-14,1.3521,-0.0443655730
2024-05-15,1.3466,-0.4076042254
2024-05-16,1.3449,-0.1263236282
2024-05-17,1.3452,0.0223040037
2024-05-20,1.3470,0.1337196544
2024-05-21,1.3471,0.0074236294
2024-05-22,1.3494,0.1705915489
2024-05-23,1.3505,0.0814845039
2024-05-24,1.3495,-0.0740740775
2024-05-28,1.3472,-0.1705788970
2024-05-29,1.3513,0.3038727556
2024-05-30,1.3492,-0.1555267857
2024-05-31,1.3516,0.1777251653
2024-06-03,1.3466,-0.3706178729
2024-06-04,1.3466,0.0000000000
2024-06-05,1.3483,0.1261642529
2024-06-06,1.3459,-0.1781605400
2024-06-07,1.3508,0.3634075272
2024-06-10,1.3526,0.1331656629
2024-06-11,1.3537,0.0812918051
2024-06-12,1.3443,-0.6968152732
2024-06-13,1.3495,0.3860721998
2024-06-14,1.3529,0.2516283151
2024-06-17,1.3526,-0.0221770468
2024-06-18,1.3515,-0.0813579424
2024-06-20,1.3539,0.1774229785
2024-06-21,1.3546,0.0516891280
2024-06-24,1.3528,-0.1329689196
2024-06-25,1.3545,0.1255863941
2024-06-26,1.3586,0.3022375232
2024-06-27,1.3577,-0.0662666151
2024-06-28,1.3552,-0.1843046708
2024-07-01,1.3576,0.1769390022
2024-07-02,1.3570,-0.0442054085
2024-07-03,1.3528,-0.3099862250
2024-07-05,1.3488,-0.2961210337
2024-07-08,1.3494,0.0444740946
2024-07-09,1.3505,0.0814845039
2024-07-10,1.3486,-0.1407876932
2024-07-11,1.3418,-0.5055021172
2024-07-12,1.3406,-0.0894721205
2024-07-15,1.3419,0.0969245183
2024-07-16,1.3449,0.2233140723
2024-07-17,1.3411,-0.2829488113
2024-07-18,1.3423,0.0894387777
2024-07-19,1.3446,0.1712010541
2024-07-22,1.3458,0.0892060719
2024-07-23,1.3453,-0.0371595263
2024-07-24,1.3415,-0.2828645626
2024-07-25,1.3427,0.0894121213
2024-07-26,1.3420,-0.0521473547
2024-07-29,1.3433,0.0968234537
2024-07-30,1.3434,0.0074440764
2024-07-31,1.3372,-0.4625838287
2024-08-01,1.3364,-0.0598444063
2024-08-02,1.3257,-0.8038809678
2024-08-05,1.3226,-0.2341125564
2024-08-06,1.3258,0.2416554567
2024-08-07,1.3270,0.0904704525
2024-08-08,1.3258,-0.0904704525
2024-08-09,1.3232,-0.1963005538
2024-08-12,1.3245,0.0981984443
2024-08-13,1.3197,-0.3630591689
2024-08-14,1.3152,-0.3415692721
2024-08-15,1.3202,0.3794494953
2024-08-16,1.3174,-0.2123143048
2024-08-19,1.3089,-0.6473007409
2024-08-20,1.3065,-0.1835283837
2024-08-21,1.3052,-0.0995520242
2024-08-22,1.3105,0.4052458044
2024-08-23,1.3029,-0.5816194555
2024-08-26,1.3038,0.0690528282
2024-08-27,1.3031,-0.0537036340
2024-08-28,1.3027,-0.0307007447
2024-08-29,1.3021,-0.0460687969
2024-08-30,1.3045,0.1841479842
2024-09-03,1.3087,0.3214452485
2024-09-04,1.3046,-0.3137797699
2024-09-05,1.3009,-0.2840147754
2024-09-06,1.3014,0.0384275453
2024-09-09,1.3053,0.2992291334
2024-09-10,1.3045,-0.0613073818
2024-09-11,1.3031,-0.1073784426
2024-09-12,1.3043,0.0920457225
2024-09-13,1.2984,-0.4533761176
2024-09-16,1.2960,-0.1850139288
2024-09-17,1.2964,0.0308594355
2024-09-18,1.2946,-0.1389425156
2024-09-19,1.2925,-0.1623439729
2024-09-20,1.2914,-0.0851426190
2024-09-23,1.2902,-0.0929656094
2024-09-24,1.2856,-0.3571709675
2024-09-25,1.2886,0.2330822281
2024-09-26,1.2830,-0.4355272089
2024-09-27,1.2807,-0.1794282184
2024-09-30,1.2831,0.1872221469
2024-10-01,1.2881,0.3889239501
2024-10-02,1.2909,0.2171385111
2024-10-03,1.2977,0.5253817231
2024-10-04,1.3053,0.5839432652
2024-10-07,1.3035,-0.1379945021
2024-10-08,1.3039,0.0306819056
2024-10-09,1.3062,0.1762385039
2024-10-10,1.3072,0.0765286637
2024-10-11,1.3046,-0.1990964744
2024-10-15,1.3090,0.3367006548
2024-10-16,1.3122,0.2441631001
2024-10-17,1.3143,0.1599086577
2024-10-18,1.3111,-0.2437724983
2024-10-21,1.3159,0.3654362651
2024-10-22,1.3163,0.0303928275
2024-10-23,1.3221,0.4396611085
2024-10-24,1.3201,-0.1513890229
2024-10-25,1.3206,0.0378687474
2024-10-28,1.3227,0.1588923272
2024-10-29,1.3254,0.2039198622
2024-10-30,1.3222,-0.2417284755
2024-10-31,1.3230,0.0604869215
2024-11-01,1.3242,0.0906618376
2024-11-04,1.3184,-0.4389623336
2024-11-05,1.3163,-0.1594109724
2024-11-06,1.3336,1.3057282005
2024-11-07,1.3218,-0.8887608400
2024-11-08,1.3281,0.4754905370
2024-11-12,1.3392,0.8323071329
2024-11-13,1.3422,0.2237637989
2024-11-14,1.3428,0.0446927382
2024-11-15,1.3420,-0.0595947574
2024-11-18,1.3400,-0.1491424587
2024-11-19,1.3383,-0.1269462143
2024-11-20,1.3442,0.4398888734
2024-11-21,1.3466,0.1783856575
2024-11-22,1.3484,0.1335807249
2024-11-25,1.3466,-0.1335807249
2024-11-26,1.3478,0.0890736401
2024-11-27,1.3397,-0.6027925229
2024-11-29,1.3412,0.1119027309
2024-12-02,1.3461,0.3646787058
2024-12-03,1.3443,-0.1338091190
2024-12-04,1.3431,-0.0893056545
2024-12-05,1.3391,-0.2982628414
2024-12-06,1.3408,0.1268704226
2024-12-09,1.3390,-0.1343384037
2024-12-10,1.3421,0.2312484713
2024-12-11,1.3428,0.0521434702
2024-12-12,1.3443,0.1116445354
2024-12-13,1.3489,0.3416014015
2024-12-16,1.3493,0.0296493961
2024-12-17,1.3491,-0.0148235992
2024-12-18,1.3530,0.2886645726
2024-12-19,1.3617,0.6409569960
2024-12-20,1.3550,-0.4932464817
2024-12-23,1.3570,0.1474926521
2024-12-24,1.3606,0.2649398076
2024-12-26,1.3583,-0.1691861083
2024-12-27,1.3580,-0.0220888710
2024-12-30,1.3602,0.1618718623
2024-12-31,1.3662,0.4401415556
2025-01-02,1.3691,0.2120426342
2025-01-03,1.3709,0.1313868802
2025-01-06,1.3629,-0.5852676008
2025-01-07,1.3635,0.0440140852
2025-01-08,1.3678,0.3148686378
2025-01-09,1.3684,0.0438564439
2025-01-10,1.3716,0.2335767485
2025-01-13,1.3725,0.0655952795
2025-01-14,1.3677,-0.3503397496
2025-01-15,1.3683,0.0438596498
2025-01-16,1.3659,-0.1755541377
2025-01-17,1.3671,0.0878155929
2025-01-21,1.3525,-1.0736976217
2025-01-22,1.3550,0.1846722593
2025-01-23,1.3546,-0.0295246533
2025-01-24,1.3448,-0.7260904686
2025-01-27,1.3443,-0.0371871634
2025-01-28,1.3517,0.5489628030
2025-01-29,1.3504,-0.0962214648
2025-01-30,1.3493,-0.0814905405
2025-01-31,1.3546,0.3920268344
2025-02-03,1.3636,0.6622053483
2025-02-04,1.3519,-0.8617250893
2025-02-05,1.3469,-0.3705354766
2025-02-06,1.3512,0.3187430889
2025-02-07,1.3545,0.2439296032
2025-02-10,1.3550,0.0369071789
2025-02-11,1.3539,-0.0812137813
2025-02-12,1.3530,-0.0664967330
2025-02-13,1.3469,-0.4518693566
2025-02-14,1.3393,-0.5658566212
2025-02-18,1.3412,0.1417646199
2025-02-19,1.3434,0.1638978241
2025-02-20,1.3348,-0.6422245956
2025-02-21,1.3365,0.1272788702
2025-02-24,1.3380,0.1121705109
2025-02-25,1.3375,-0.0373761918
2025-02-26,1.3365,-0.0747943191
2025-02-27,1.3461,0.7157266071
2025-02-28,1.3493,0.2374416787
2025-03-03,1.3441,-0.3861295360
2025-03-04,1.3424,-0.1265587364
2025-03-05,1.3314,-0.8228036546
2025-03-06,1.3312,-0.0150229100
2025-03-07,1.3303,-0.0676310377
2025-03-10,1.3318,0.1126929987
2025-03-11,1.3302,-0.1202103826
2025-03-12,1.3312,0.0751484217
2025-03-13,1.3357,0.3374707916
2025-03-14,1.3343,-0.1048689235
2025-03-17,1.3297,-0.3453456886
2025-03-18,1.3318,0.1578057814
2025-03-19,1.3339,0.1575571470
2025-03-20,1.3357,0.1348516836
2025-03-21,1.3363,0.0449101804
2025-03-24,1.3396,0.2466461133
2025-03-25,1.3362,-0.2541297429
2025-03-26,1.3391,0.2167982010
2025-03-27,1.3383,-0.0597594699
2025-03-28,1.3406,0.1717123122
2025-03-31,1.3445,0.2904921785
2025-04-01,1.3432,-0.0967369946
2025-04-02,1.3417,-0.1117360167
2025-04-03,1.3343,-0.5530656848
2025-04-04,1.3415,0.5381581117
2025-04-07,1.3519,0.7722619505
2025-04-08,1.3526,0.0517655770
2025-04-09,1.3474,-0.3851856614
2025-04-10,1.3313,-1.2020901089
2025-04-11,1.3192,-0.9130416192
2025-04-14,1.3164,-0.2124754176
2025-04-15,1.3184,0.1518142086
2025-04-16,1.3106,-0.5933832550
2025-04-17,1.3110,0.0305157158
2025-04-18,1.3109,-0.0076280560
2025-04-21,1.3039,-0.5354150774
2025-04-22,1.3082,0.3292373098
2025-04-23,1.3145,0.4804218643
2025-04-24,1.3119,-0.1979897083
2025-04-25,1.3140,0.1599451958
2025-04-28,1.3113,-0.2056908507
2025-04-29,1.3075,-0.2902094598
2025-04-30,1.3054,-0.1607409738
2025-05-01,1.3119,0.4966960886
2025-05-02,1.2983,-1.0420751721
2025-05-05,1.2899,-0.6491020395
2025-05-06,1.2881,-0.1396431569
2025-05-07,1.2916,0.2713495482
2025-05-08,1.2986,0.5405001190
2025-05-09,1.2968,-0.1387069653
2025-05-12,1.3056,0.6763013788
2025-05-13,1.3024,-0.2453988962
2025-05-14,1.2991,-0.2536999247
2025-05-15,1.2965,-0.2003391023
2025-05-16,1.3000,0.2695938471
2025-05-19,1.2946,-0.4162497338
2025-05-20,1.2955,0.0694953891
2025-05-21,1.2876,-0.6116700578
2025-05-22,1.2914,0.2946880768
2025-05-23,1.2843,-0.5513078373
2025-05-27,1.2888,0.3497730044
2025-05-28,1.2896,0.0620539890
2025-05-29,1.2862,-0.2639958052
2025-05-30,1.2899,0.2872561270
2025-06-02,1.2853,-0.3572541855
2025-06-03,1.2893,0.3107281301
2025-06-04,1.2858,-0.2718342709
2025-06-05,1.2860,0.0155533090
2025-06-06,1.2891,0.2407674651
2025-06-09,1.2848,-0.3341236257
2025-06-10,1.2867,0.1477736998
2025-06-11,1.2836,-0.2412170955
2025-06-12,1.2786,-0.3902900903
2025-06-13,1.2805,0.1484897307
2025-06-16,1.2787,-0.1406689822
2025-06-17,1.2827,0.3123294489
2025-06-18,1.2833,0.0467653945
2025-06-20,1.2865,0.2490467471
2025-06-23,1.2876,0.0854667703
2025-06-24,1.2801,-0.5841820563
2025-06-25,1.2802,0.0078115846
2025-06-26,1.2731,-0.5561444640
2025-06-27,1.2753,0.1726573965
2025-06-30,1.2719,-0.2669599575
2025-07-01,1.2733,0.1100110122
2025-07-02,1.2731,-0.0157084512
2025-07-03,1.2743,0.0942137151
2025-07-07,1.2777,0.2664578379
2025-07-08,1.2803,0.2032838855
2025-07-09,1.2810,0.0546597445
2025-07-10,1.2800,-0.0780944983
2025-07-11,1.2799,-0.0078128052
2025-07-14,1.2821,0.1717408697
2025-07-15,1.2845,0.1870178991
2025-07-16,1.2839,-0.0467216953
2025-07-17,1.2856,0.1323214826
2025-07-18,1.2835,-0.1634814112
2025-07-21,1.2798,-0.2886905606
2025-07-22,1.2778,-0.1563966537
2025-07-23,1.2768,-0.0782901473
2025-07-24,1.2771,0.0234934807
2025-07-25,1.2813,0.3283305013
2025-07-28,1.2863,0.3894692569
2025-07-29,1.2880,0.1320747580
2025-07-30,1.2939,0.4570285658
2025-07-31,1.2977,0.2932553421
2025-08-01,1.2900,-0.5951248387
2025-08-04,1.2874,-0.2017537737
2025-08-05,1.2870,-0.0310752022
2025-08-06,1.2846,-0.1866542772
2025-08-07,1.2848,0.0155678369
2025-08-08,1.2845,-0.0233526643
2025-08-11,1.2866,0.1633542427
2025-08-12,1.2824,-0.3269757682
2025-08-13,1.2799,-0.1951372434
2025-08-14,1.2843,0.3431872957
2025-08-15,1.2819,-0.1870470501
2025-08-18,1.2838,0.1481077560
2025-08-19,1.2846,0.0622955946
2025-08-20,1.2849,0.0233508466
2025-08-21,1.2894,0.3496099587
2025-08-22,1.2811,-0.6457910014
2025-08-25,1.2835,0.1871637449
2025-08-26,1.2846,0.0856664512
2025-08-27,1.2872,0.2021930854
2025-08-28,1.2824,-0.3735994383
2025-08-29,1.2833,0.0701562955
2025-09-02,1.2880,0.3655742414
2025-09-03,1.2873,-0.0543625999
2025-09-04,1.2894,0.1629992211
2025-09-05,1.2827,-0.5209762571
2025-09-08,1.2830,0.0233854310
2025-09-09,1.2825,-0.0389787571
2025-09-10,1.2814,-0.0858067840
2025-09-11,1.2815,0.0078036599
2025-09-12,1.2837,0.1715266287
2025-09-15,1.2799,-0.2964583229
2025-09-16,1.2764,-0.2738334458
2025-09-17,1.2755,-0.0705356822
2025-09-18,1.2824,0.5395063713
2025-09-19,1.2842,0.1402634065
2025-09-22,1.2828,-0.1090767541
2025-09-23,1.2833,0.0389696431
2025-09-24,1.2885,0.4043865842
2025-09-25,1.2934,0.3795658920
2025-09-26,1.2920,-0.1083004670
2025-09-29,1.2897,-0.1781772172
2025-09-30,1.2903,0.0465116287
2025-10-01,1.2883,-0.1551229660
2025-10-02,1.2903,0.1551229660
2025-10-03,1.2881,-0.1706485056
2025-10-06,1.2911,0.2326303779
2025-10-07,1.2919,0.0619434786
2025-10-08,1.2958,0.3014262050
2025-10-09,1.2995,0.2851310066
2025-10-10,1.2972,-0.1771479648
2025-10-14,1.2984,0.0924641767
2025-10-15,1.2957,-0.2081647566
2025-10-16,1.2943,-0.1081081186
2025-10-17,1.2949,0.0463463626
2025-10-20,1.2930,-0.1468372303
2025-10-21,1.2972,0.3242995661
2025-10-22,1.2972,0.0000000000
2025-10-23,1.2987,0.1155668683
2025-10-24,1.2985,-0.0154012013
2025-10-27,1.2968,-0.1310060681
2025-10-28,1.2933,-0.2702600000
2025-10-29,1.2927,-0.0464037131
2025-10-30,1.3004,0.5938855140
2025-10-31,1.3012,0.0615006169
2025-11-03,1.3044,0.2456249316
2025-11-04,1.3066,0.1685178491
2025-11-05,1.3065,-0.0076537446
2025-11-06,1.3046,-0.1455325599
2025-11-07,1.3014,-0.2455872301
2025-11-10,1.3030,0.1228690064
2025-11-12,1.3010,-0.1536098612
2025-11-13,1.2987,-0.1769435396
2025-11-14,1.2984,-0.0231026916
2025-11-17,1.3018,0.2615184938
2025-11-18,1.3019,0.0076813765
2025-11-19,1.3061,0.3220861680
2025-11-20,1.3075,0.1071319356
2025-11-21,1.3073,-0.0152975371
2025-11-24,1.3053,-0.1531042173
2025-11-25,1.3020,-0.2531355626
2025-11-26,1.2971,-0.3770540422
2025-11-28,1.2955,-0.1234282344
2025-12-01,1.2953,-0.0154392466
2025-12-02,1.2978,0.1928194651
2025-12-03,1.2937,-0.3164193263
2025-12-04,1.2953,0.1235998612
2025-12-05,1.2956,0.0231579761
2025-12-08,1.2980,0.1850709967
2025-12-09,1.2964,-0.1233425997
2025-12-10,1.2947,-0.1312184203
2025-12-11,1.2905,-0.3249267906
2025-12-12,1.2919,0.1084262808
2025-12-15,1.2894,-0.1937009090
2025-12-16,1.2884,-0.0775855419
2025-12-17,1.2908,0.1861042721
2025-12-18,1.2892,-0.1240310237
2025-12-19,1.2920,0.2169534401
2025-12-22,1.2884,-0.2790266886
2025-12-23,1.2852,-0.2486790215
2025-12-24,1.2834,-0.1401541925
2025-12-26,1.2842,0.0623150044
2025-12-29,1.2852,0.0778391882
2025-12-30,1.2835,-0.1323626931
2025-12-31,1.2859,0.1868140965
2026-01-02,1.2858,-0.0077769569
2026-01-05,1.2832,-0.2024134595
2026-01-06,1.2800,-0.2496880199
2026-01-07,1.2818,0.1405262156
2026-01-08,1.2852,0.2649008172
2026-01-09,1.2868,0.1244168123
2026-01-12,1.2852,-0.1244168123
2026-01-13,1.2886,0.2642009463
2026-01-14,1.2870,-0.1242429108
2026-01-15,1.2879,0.0699056302
2026-01-16,1.2887,0.0620973396
2026-01-20,1.2828,-0.4588769475
2026-01-21,1.2833,0.0389696431
2026-01-22,1.2811,-0.1715801388
2026-01-23,1.2760,-0.3988898958
2026-01-26,1.2683,-0.6052763831
2026-01-27,1.2625,-0.4583538924
2026-01-28,1.2638,0.1029173190
2026-01-29,1.2651,0.1028115081
2026-01-30,1.2699,0.3786986774
2026-02-02,1.2716,0.1337792842
2026-02-03,1.2693,-0.1810382643
2026-02-04,1.2721,0.2203510768
2026-02-05,1.2730,0.0707241395
2026-02-06,1.2713,-0.1336320601
2026-02-09,1.2658,-0.4335665615
2026-02-10,1.2647,-0.0869393455
2026-02-11,1.2616,-0.2454183237
2026-02-12,1.2618,0.0158516288
2026-02-13,1.2622,0.0316957213
2026-02-17,1.2637,0.1187695614
2026-02-18,1.2654,0.1344351948
2026-02-19,1.2688,0.2683294168
2026-02-20,1.2668,-0.1577536216
2026-02-23,1.2653,-0.1184787469
2026-02-24,1.2658,0.0395085146
2026-02-25,1.2633,-0.1976988505
2026-02-26,1.2640,0.0553950871
2026-02-27,1.2643,0.0237313611
2026-03-02,1.2747,0.8192247471
2026-03-03,1.2783,0.2820213385
2026-03-04,1.2744,-0.3055590578
2026-03-05,1.2799,0.4306470266
2026-03-06,1.2776,-0.1798631961
2026-03-09,1.2770,-0.0469740868
2026-03-10,1.2703,-0.5260484003
2026-03-11,1.2739,0.2829968086
2026-03-12,1.2777,0.2978525482
2026-03-13,1.2823,0.3593753868
2026-03-16,1.2788,-0.2733202279
2026-03-17,1.2767,-0.1643514359
2026-03-18,1.2795,0.2190752774
2026-03-19,1.2806,0.0859341485
2026-03-20,1.2819,0.1014634233
2026-03-23,1.2775,-0.3438309240
2026-03-24,1.2795,0.1564333522
2026-03-25,1.2802,0.0546939108
2026-03-26,1.2840,0.2963889542
2026-03-27,1.2870,0.2333723346
2026-03-30,1.2908,0.2948252582
2026-03-31,1.2893,-0.1162745761
2026-04-01,1.2819,-0.5756083099
2026-04-02,1.2846,0.2104033506
2026-04-03,1.2868,0.1711130541
2026-04-06,1.2842,-0.2022560005
2026-04-07,1.2840,-0.0155751110
2026-04-08,1.2730,-0.8603885693
2026-04-09,1.2719,-0.0864474100
2026-04-10,1.2731,0.0943025610
2026-04-13,1.2743,0.0942137151
2026-04-14,1.2711,-0.2514340918
2026-04-15,1.2708,-0.0236043905
2026-04-16,1.2718,0.0786596438
2026-04-17,1.2688,-0.2361647953
2026-04-20,1.2698,0.0787835856
2026-04-21,1.2727,0.2281220262
2026-04-22,1.2751,0.1883978891
2026-04-23,1.2761,0.0783944850
2026-04-24,1.2755,-0.0470293158
2026-04-27,1.2737,-0.1412207986
2026-04-28,1.2758,0.1647382212
2026-04-29,1.2801,0.3364767054
2026-04-30,1.2738,-0.4933640925
2026-05-01,1.2717,-0.1649970911
2026-05-04,1.2771,0.4237294476
2026-05-05,1.2744,-0.2116402906
2026-05-06,1.2682,-0.4876907330
2026-05-07,1.2669,-0.1025600658
2026-05-08,1.2667,-0.0157878118
2026-05-11,1.2679,0.0946895044
2026-05-12,1.2723,0.3464297615
2026-05-13,1.2722,-0.0078600904
2026-05-14,1.2744,0.1727794351
2026-05-15,1.2802,0.4540836112
2026-05-18,1.2785,-0.1328799977
2026-05-19,1.2823,0.2967824734
2026-05-20,1.2781,-0.3280740327
2026-05-21,1.2798,0.1329215568
2026-05-22,1.2795,-0.0234439106
2026-05-26,1.2778,-0.1329527432
2026-05-27,1.2767,-0.0861225342
2026-05-28,1.2761,-0.0470072086
2026-05-29,1.2752,-0.0705522704
2026-06-01,1.2786,0.2662700297
2026-06-02,1.2785,-0.0078213601
2026-06-03,1.2830,0.3513569884
2026-06-04,1.2831,0.0077939285
2026-06-05,1.2903,0.5595724557
2026-06-08,1.2879,-0.1861764559
2026-06-09,1.2864,-0.1165365474
2026-06-10,1.2863,-0.0077739340
2026-06-11,1.2886,0.1786477620
2026-06-12,1.2833,-0.4121472454
2026-06-15,1.2820,-0.1013526770
2026-06-16,1.2813,-0.0546170965
2026-06-17,1.2827,0.1092043790
2026-06-18,1.2898,0.5519936270
2026-06-22,1.2933,0.2709923845
2026-06-23,1.2967,0.2625484134
2026-06-24,1.2977,0.0770891188
2026-06-25,1.2951,-0.2005554514
2026-06-26,1.2931,-0.1545475928
2026-06-29,1.2922,-0.0696244178
2026-06-30,1.2941,0.1469280704
2026-07-01,1.2955,0.1081248175
2026-07-02,1.2910,-0.3479609156
2026-07-06,1.2925,0.1161215536
2026-07-07,1.2919,-0.0464324416
2026-07-08,1.2956,0.2859905331
2026-07-09,1.2918,-0.2937313699
2026-07-10,1.2903,-0.1161845141
2026-07-13,1.2930,0.2090350314
2026-07-14,1.2910,-0.1547987925
2026-07-15,1.2895,-0.1162565525
2026-07-16,1.2901,0.0465188410
2026-07-17,1.2911,0.0774833450
2026-07-20,1.2912,0.0077450335
2026-07-21,1.2916,0.0309741368
2026-07-22,1.2903,-0.1007010426
2026-07-23,1.2925,0.1703577925
2026-07-24,1.2898,-0.2091159806
2026-07-27,1.2909,0.0852481936
2026-07-28,1.2913,0.0309813340
2026-07-29,1.2926,0.1006230976
2026-07-30,1.2821,-0.8156335270
2026-07-31,1.2828,0.0545830260
2026-08-03,1.2826,-0.0155921104
2026-08-04,1.2817,-0.0701945979
2026-08-05,1.2813,-0.0312134220
2026-08-06,1.2837,0.1871345575
2026-08-07,1.2781,-0.4371932953
2026-08-10,1.2799,0.1407349724
2026-08-11,1.2798,-0.0078134156
2026-08-12,1.2792,-0.0468933186
2026-08-13,1.2804,0.0937646576
2026-08-14,1.2783,-0.1641458922
2026-08-17,1.2768,-0.1174122478
2026-08-18,1.2781,0.1017652442
2026-08-19,1.2719,-0.4862754680
2026-08-20,1.2720,0.0078619443
2026-08-21,1.2692,-0.2203684191
2026-08-24,1.2706,0.1102449123
2026-08-25,1.2693,-0.1023662438
2026-08-26,1.2719,0.2046278063
2026-08-27,1.2708,-0.0865222062
2026-08-28,1.2744,0.2828856200
2026-08-31,1.2718,-0.2042259763
2026-09-01,1.2726,0.0628831965
2026-09-02,1.2708,-0.1415428403
2026-09-03,1.2666,-0.3310478313
2026-09-04,1.2665,-0.0078954641
2026-09-08,1.2646,-0.1501323817
2026-09-09,1.2643,-0.0237257307
2026-09-10,1.2663,0.1580653139
2026-09-11,1.2671,0.0631562348
2026-09-14,1.2699,0.2207332390
2026-09-15,1.2727,0.2202470803
2026-09-16,1.2734,0.0549860585
2026-09-17,1.2756,0.1726167553
2026-09-18,1.2775,0.1488386942
2026-09-21,1.2762,-0.1018130644
2026-09-22,1.2762,0.0000000000
2026-09-23,1.2799,0.2895037427
2026-09-24,1.2806,0.0546768223
2026-09-25,1.2771,-0.2736835582
